epoch,time,train/box_loss,train/cls_loss,train/dfl_loss,metrics/precision(B),metrics/recall(B),metrics/mAP50(B),metrics/mAP50-95(B),val/box_loss,val/cls_loss,val/dfl_loss,lr/pg0,lr/pg1,lr/pg2
1,11.113,1.90905,3.17395,1.81719,0.00333,1,0.15641,0.12919,0.9275,3.82786,1.32389,0.00014,0.00014,0.00014
2,20.0181,1.612,2.78556,1.6793,0.00333,1,0.31232,0.1514,1.07065,3.71072,1.40259,0.000299,0.000299,0.000299
3,28.2052,1.43257,2.31788,1.58583,0.00333,1,0.44194,0.17365,1.18729,3.56402,1.46817,0.000456934,0.000456934,0.000456934
4,37.2919,1.39155,2.09341,1.47507,0.00587,1,0.74584,0.25221,1.21424,3.32045,1.46497,0.000613801,0.000613801,0.000613801
5,45.3847,1.29139,2.36522,1.54489,1,0.52647,0.85379,0.45293,1.22015,2.99652,1.448,0.000769601,0.000769601,0.000769601
6,53.8398,1.29536,2.06704,1.441,1,0.47199,0.81222,0.51065,1.10887,2.97945,1.32655,0.000924335,0.000924335,0.000924335
7,63.1462,1.24332,1.92897,1.48256,0.67121,0.28571,0.78213,0.47656,1.16606,2.94289,1.34071,0.001078,0.001078,0.001078
8,71.9177,1.57347,2.09316,1.71784,0.88057,0.71429,0.869,0.49067,1.21144,2.7989,1.41706,0.0012306,0.0012306,0.0012306
9,81.4975,1.39323,1.8287,1.67955,0.93449,0.71429,0.87158,0.47673,1.58149,2.52811,1.77981,0.00138214,0.00138214,0.00138214
10,91.1008,1.24945,2.00708,1.56063,0.93449,0.71429,0.87158,0.47673,1.58149,2.52811,1.77981,0.0015326,0.0015326,0.0015326
11,100.647,1.49736,1.80047,1.63979,0.65711,0.82438,0.81611,0.43799,1.60101,2.89978,1.88295,0.00168201,0.00168201,0.00168201
12,111.079,1.3795,1.92645,1.51541,0.65711,0.82438,0.81611,0.43799,1.60101,2.89978,1.88295,0.00183034,0.00183034,0.00183034
13,120.612,1.38551,1.88138,1.55807,0.66084,0.85714,0.77214,0.35697,1.61204,4.55349,2.08022,0.00192001,0.00192001,0.00192001
14,130.926,1.45175,1.88125,1.66146,0.66084,0.85714,0.77214,0.35697,1.61204,4.55349,2.08022,0.00191334,0.00191334,0.00191334
15,140.834,1.37156,1.91142,1.53872,0.62476,0.85714,0.69931,0.24159,1.87073,3.66892,2.56427,0.00190668,0.00190668,0.00190668
16,150.782,1.42492,1.82183,1.59872,0.62476,0.85714,0.69931,0.24159,1.87073,3.66892,2.56427,0.00190001,0.00190001,0.00190001
17,166.056,1.51766,1.90505,1.64107,0.79398,0.71429,0.78333,0.50794,1.59475,3.20536,2.01944,0.00189334,0.00189334,0.00189334
18,185.789,1.26835,1.8338,1.42019,0.79398,0.71429,0.78333,0.50794,1.59475,3.20536,2.01944,0.00188668,0.00188668,0.00188668
19,203.952,1.39975,1.81442,1.55948,0.69956,0.85714,0.863,0.40705,1.59415,3.59653,2.0163,0.00188001,0.00188001,0.00188001
20,219.41,1.55286,1.75189,1.6738,0.69956,0.85714,0.863,0.40705,1.59415,3.59653,2.0163,0.00187335,0.00187335,0.00187335
21,238.223,1.46071,1.6162,1.60187,0.65451,0.81547,0.88372,0.42193,1.71966,4.82438,2.06515,0.00186668,0.00186668,0.00186668
22,254.094,1.34213,1.61729,1.50248,0.65451,0.81547,0.88372,0.42193,1.71966,4.82438,2.06515,0.00186001,0.00186001,0.00186001
23,270.745,1.40171,1.64443,1.51185,0.86567,1,0.9775,0.53652,1.57179,3.29611,1.69016,0.00185335,0.00185335,0.00185335
24,287.387,1.57782,1.76063,1.58868,0.86567,1,0.9775,0.53652,1.57179,3.29611,1.69016,0.00184668,0.00184668,0.00184668
25,301.566,1.47602,1.8361,1.60477,0.97785,0.85714,0.91625,0.54947,1.63274,2.89625,1.74087,0.00184002,0.00184002,0.00184002
26,315.473,1.42819,1.64596,1.50017,0.97785,0.85714,0.91625,0.54947,1.63274,2.89625,1.74087,0.00183335,0.00183335,0.00183335
27,333.489,1.47192,1.62224,1.5138,0.86333,0.71429,0.87761,0.49656,1.34002,3.63314,1.60695,0.00182668,0.00182668,0.00182668
28,347.16,1.36818,1.61193,1.50792,0.86333,0.71429,0.87761,0.49656,1.34002,3.63314,1.60695,0.00182002,0.00182002,0.00182002
29,364.097,1.38636,1.57896,1.47358,0.7261,0.71429,0.85111,0.51761,1.3708,3.60347,1.57624,0.00181335,0.00181335,0.00181335
30,378.399,1.36106,1.66412,1.48782,0.7261,0.71429,0.85111,0.51761,1.3708,3.60347,1.57624,0.00180669,0.00180669,0.00180669
31,391.996,1.33793,1.59144,1.49738,0.82312,0.85714,0.8344,0.4267,1.64914,2.89999,1.93747,0.00180002,0.00180002,0.00180002
32,407.224,1.36126,1.54024,1.51208,0.82312,0.85714,0.8344,0.4267,1.64914,2.89999,1.93747,0.00179335,0.00179335,0.00179335
33,421.203,1.20285,1.59258,1.4837,0.94145,0.71429,0.89265,0.51774,1.5269,2.61265,1.88476,0.00178669,0.00178669,0.00178669
34,434.625,1.38616,1.64405,1.48022,0.94145,0.71429,0.89265,0.51774,1.5269,2.61265,1.88476,0.00178002,0.00178002,0.00178002
35,446.577,1.3751,1.62311,1.49092,0.94855,0.71429,0.90167,0.56679,1.44435,2.43565,1.80966,0.00177336,0.00177336,0.00177336
36,458.12,1.32134,1.66101,1.5236,0.94855,0.71429,0.90167,0.56679,1.44435,2.43565,1.80966,0.00176669,0.00176669,0.00176669
37,468.873,1.38937,1.50625,1.62178,1,0.84905,0.953,0.43699,1.62588,2.45833,2.00449,0.00176002,0.00176002,0.00176002
38,480.738,1.36489,1.59543,1.41516,1,0.84905,0.953,0.43699,1.62588,2.45833,2.00449,0.00175336,0.00175336,0.00175336
39,491.544,1.34662,1.59494,1.45422,0.93321,0.85714,0.94409,0.46829,1.64474,2.89273,1.97705,0.00174669,0.00174669,0.00174669
40,503.3,1.20731,1.40432,1.39653,0.93321,0.85714,0.94409,0.46829,1.64474,2.89273,1.97705,0.00174003,0.00174003,0.00174003
41,513.873,1.26148,1.3433,1.44264,0.91006,0.85714,0.93038,0.52081,1.48441,3.02471,1.93073,0.00173336,0.00173336,0.00173336
42,526.406,1.31834,1.41142,1.52986,0.91006,0.85714,0.93038,0.52081,1.48441,3.02471,1.93073,0.00172669,0.00172669,0.00172669
43,538.753,1.38652,1.59404,1.60219,0.97423,0.85714,0.953,0.50356,1.61744,2.47818,1.96175,0.00172003,0.00172003,0.00172003
44,549.692,1.29795,1.33108,1.49717,0.97423,0.85714,0.953,0.50356,1.61744,2.47818,1.96175,0.00171336,0.00171336,0.00171336
45,561.312,1.38515,1.47209,1.55273,0.99819,1,0.995,0.43618,1.92674,2.06144,2.339,0.0017067,0.0017067,0.0017067
46,572.153,1.20171,1.35027,1.40953,0.99819,1,0.995,0.43618,1.92674,2.06144,2.339,0.00170003,0.00170003,0.00170003
47,584.162,1.40417,1.46499,1.42393,0.98891,1,0.995,0.47237,1.77142,1.96056,2.08326,0.00169336,0.00169336,0.00169336
48,594.976,1.49095,1.64687,1.61838,0.98891,1,0.995,0.47237,1.77142,1.96056,2.08326,0.0016867,0.0016867,0.0016867
49,607.001,1.29552,1.59191,1.44566,0.97584,0.85714,0.9775,0.60052,1.40498,1.91739,1.71177,0.00168003,0.00168003,0.00168003
50,618.232,1.23197,1.25272,1.43108,0.97584,0.85714,0.9775,0.60052,1.40498,1.91739,1.71177,0.00167337,0.00167337,0.00167337
51,630.122,1.37919,1.4263,1.56564,0.98175,0.85714,0.96389,0.61945,1.33187,1.68443,1.70369,0.0016667,0.0016667,0.0016667
52,640.264,1.39672,1.25608,1.52746,0.98175,0.85714,0.96389,0.61945,1.33187,1.68443,1.70369,0.00166003,0.00166003,0.00166003
53,650.43,1.36661,1.43267,1.57939,0.9804,1,0.995,0.56398,1.53332,1.58557,1.8153,0.00165337,0.00165337,0.00165337
54,661.779,1.24351,1.2387,1.38006,0.9804,1,0.995,0.56398,1.53332,1.58557,1.8153,0.0016467,0.0016467,0.0016467
55,671.913,1.30118,1.3288,1.4878,0.98677,1,0.995,0.60027,1.6277,1.48863,1.75043,0.00164004,0.00164004,0.00164004
56,683.79,1.2846,1.30402,1.43607,0.98677,1,0.995,0.60027,1.6277,1.48863,1.75043,0.00163337,0.00163337,0.00163337
57,693.882,1.2965,1.25235,1.39858,1,0.98288,0.995,0.52261,1.75028,1.48513,1.87076,0.0016267,0.0016267,0.0016267
58,705.217,1.26425,1.33748,1.47095,1,0.98288,0.995,0.52261,1.75028,1.48513,1.87076,0.00162004,0.00162004,0.00162004
59,715.871,1.42757,1.36424,1.52933,0.96842,1,0.995,0.60373,1.5245,1.59618,1.65249,0.00161337,0.00161337,0.00161337
60,725.992,1.4432,1.43516,1.52592,0.96842,1,0.995,0.60373,1.5245,1.59618,1.65249,0.00160671,0.00160671,0.00160671
61,738.773,1.22203,1.36886,1.47331,0.97994,1,0.995,0.5879,1.56083,1.55249,1.71323,0.00160004,0.00160004,0.00160004
62,749.511,1.3803,1.44112,1.49762,0.97994,1,0.995,0.5879,1.56083,1.55249,1.71323,0.00159337,0.00159337,0.00159337
63,761.03,1.2211,1.25053,1.32754,0.98355,1,0.995,0.5693,1.66254,1.52767,1.85572,0.00158671,0.00158671,0.00158671
64,773.214,1.17986,1.2523,1.36611,0.98355,1,0.995,0.5693,1.66254,1.52767,1.85572,0.00158004,0.00158004,0.00158004
65,783.574,1.28082,1.54972,1.4313,1,0.98447,0.995,0.56494,1.65861,1.52513,1.87842,0.00157338,0.00157338,0.00157338
66,794.309,1.27513,1.23626,1.43244,1,0.98447,0.995,0.56494,1.65861,1.52513,1.87842,0.00156671,0.00156671,0.00156671
67,804.981,1.26172,1.30117,1.45625,1,0.98495,0.995,0.53125,1.72675,1.48336,1.99132,0.00156004,0.00156004,0.00156004
68,815.162,1.32222,1.30157,1.35981,1,0.98495,0.995,0.53125,1.72675,1.48336,1.99132,0.00155338,0.00155338,0.00155338
69,828.123,1.24734,1.21715,1.40318,0.98843,1,0.995,0.49709,1.731,1.44651,1.98157,0.00154671,0.00154671,0.00154671
70,838.212,1.23691,1.14396,1.39074,0.98843,1,0.995,0.49709,1.731,1.44651,1.98157,0.00154005,0.00154005,0.00154005
71,848.189,1.31954,1.23529,1.39259,0.99813,1,0.995,0.50375,1.7675,1.42727,2.00938,0.00153338,0.00153338,0.00153338
72,858.327,1.35223,1.17887,1.47919,0.99813,1,0.995,0.50375,1.7675,1.42727,2.00938,0.00152671,0.00152671,0.00152671
73,868.647,1.27814,1.17998,1.44837,0.97762,1,0.995,0.52041,1.65848,1.49118,1.85986,0.00152005,0.00152005,0.00152005
74,878.722,1.1311,1.07637,1.38162,0.97762,1,0.995,0.52041,1.65848,1.49118,1.85986,0.00151338,0.00151338,0.00151338
75,888.72,1.27388,1.30928,1.51756,0.97322,1,0.995,0.52282,1.60804,1.48626,1.76805,0.00150672,0.00150672,0.00150672
76,899.237,1.25171,1.19018,1.38261,0.97322,1,0.995,0.52282,1.60804,1.48626,1.76805,0.00150005,0.00150005,0.00150005
77,909.609,1.28364,1.10711,1.46008,0.97678,1,0.995,0.57691,1.48305,1.39654,1.6807,0.00149338,0.00149338,0.00149338
78,919.731,1.19436,1.16407,1.3912,0.97678,1,0.995,0.57691,1.48305,1.39654,1.6807,0.00148672,0.00148672,0.00148672
79,930.45,1.18335,1.06136,1.36379,0.99509,1,0.995,0.57461,1.48004,1.37063,1.68721,0.00148005,0.00148005,0.00148005
80,940.622,1.21571,1.16632,1.43215,0.99509,1,0.995,0.57461,1.48004,1.37063,1.68721,0.00147339,0.00147339,0.00147339
81,950.518,1.30328,1.14995,1.40229,0.99744,1,0.995,0.5459,1.57578,1.39017,1.67664,0.00146672,0.00146672,0.00146672
82,960.649,1.26749,1.24151,1.38572,0.99744,1,0.995,0.5459,1.57578,1.39017,1.67664,0.00146005,0.00146005,0.00146005
83,970.513,1.38799,1.21923,1.5427,0.98959,1,0.995,0.45461,1.86752,1.43262,1.92226,0.00145339,0.00145339,0.00145339
84,980.202,1.23235,1.26073,1.36887,0.98959,1,0.995,0.45461,1.86752,1.43262,1.92226,0.00144672,0.00144672,0.00144672
85,990.137,1.25487,1.23396,1.34075,0.99208,1,0.995,0.4756,1.78208,1.37126,1.86917,0.00144006,0.00144006,0.00144006
86,999.912,1.27358,1.14916,1.45039,0.99208,1,0.995,0.4756,1.78208,1.37126,1.86917,0.00143339,0.00143339,0.00143339
87,1010.18,1.09565,1.0379,1.30438,0.98803,1,0.995,0.59444,1.58979,1.28183,1.70813,0.00142672,0.00142672,0.00142672
88,1020.77,1.25628,1.11446,1.38167,0.98803,1,0.995,0.59444,1.58979,1.28183,1.70813,0.00142006,0.00142006,0.00142006
89,1031.13,1.27742,1.08983,1.37163,0.97967,1,0.995,0.66427,1.32009,1.2153,1.50671,0.00141339,0.00141339,0.00141339
90,1040.96,1.20626,1.08566,1.38807,0.97967,1,0.995,0.66427,1.32009,1.2153,1.50671,0.00140673,0.00140673,0.00140673
91,1051.32,1.238,1.15468,1.44464,0.97317,1,0.995,0.67908,1.33513,1.30066,1.52066,0.00140006,0.00140006,0.00140006
92,1061.48,1.28048,1.22533,1.50015,0.97317,1,0.995,0.67908,1.33513,1.30066,1.52066,0.00139339,0.00139339,0.00139339
93,1071.28,1.29732,1.13097,1.42875,0.96934,1,0.995,0.63823,1.44202,1.21958,1.61039,0.00138673,0.00138673,0.00138673
94,1081.84,1.21841,1.1859,1.38976,0.96934,1,0.995,0.63823,1.44202,1.21958,1.61039,0.00138006,0.00138006,0.00138006
95,1092.2,1.27583,1.10106,1.41935,0.98833,1,0.995,0.58665,1.61974,1.25334,1.82015,0.0013734,0.0013734,0.0013734
96,1102.33,1.03795,1.02795,1.24022,0.98833,1,0.995,0.58665,1.61974,1.25334,1.82015,0.00136673,0.00136673,0.00136673
97,1113.12,1.12811,1.00516,1.27894,1,0.96603,0.995,0.57932,1.69919,1.24852,1.88332,0.00136006,0.00136006,0.00136006
98,1123.89,1.25295,1.21331,1.44449,1,0.96603,0.995,0.57932,1.69919,1.24852,1.88332,0.0013534,0.0013534,0.0013534
99,1134.68,1.17094,1.04276,1.28888,1,0.97774,0.995,0.55776,1.6351,1.28811,1.82962,0.00134673,0.00134673,0.00134673
100,1145.93,1.21075,1.05032,1.43348,1,0.97774,0.995,0.55776,1.6351,1.28811,1.82962,0.00134007,0.00134007,0.00134007
101,1156.54,1.21282,1.0125,1.40983,0.85124,1,0.96,0.53462,1.50158,1.32755,1.71944,0.0013334,0.0013334,0.0013334
102,1167.58,1.15645,0.98292,1.3215,0.85124,1,0.96,0.53462,1.50158,1.32755,1.71944,0.00132673,0.00132673,0.00132673
103,1178.12,1.1091,1.0007,1.28917,0.96821,1,0.995,0.55338,1.48581,1.29418,1.7056,0.00132007,0.00132007,0.00132007
104,1188.13,1.15985,1.0443,1.34444,0.96821,1,0.995,0.55338,1.48581,1.29418,1.7056,0.0013134,0.0013134,0.0013134
105,1198.14,0.98097,0.98716,1.25912,0.9771,1,0.995,0.57866,1.48058,1.26794,1.70776,0.00130674,0.00130674,0.00130674
106,1208.42,1.11689,1.00968,1.33623,0.9771,1,0.995,0.57866,1.48058,1.26794,1.70776,0.00130007,0.00130007,0.00130007
107,1218.96,1.08827,0.89417,1.31101,0.97888,1,0.995,0.5538,1.52139,1.19859,1.73066,0.0012934,0.0012934,0.0012934
108,1230.17,1.24923,1.04329,1.38536,0.97888,1,0.995,0.5538,1.52139,1.19859,1.73066,0.00128674,0.00128674,0.00128674
109,1240.69,1.19852,0.98225,1.38335,0.97596,1,0.995,0.57506,1.60904,1.2154,1.79041,0.00128007,0.00128007,0.00128007
110,1250.46,1.14575,1.10387,1.29557,0.97596,1,0.995,0.57506,1.60904,1.2154,1.79041,0.00127341,0.00127341,0.00127341
111,1261.75,1.1016,0.96737,1.30076,0.98081,1,0.995,0.58562,1.63068,1.25555,1.78704,0.00126674,0.00126674,0.00126674
112,1276.1,1.27319,1.02105,1.48245,0.98081,1,0.995,0.58562,1.63068,1.25555,1.78704,0.00126007,0.00126007,0.00126007
113,1288.25,1.27567,1.00181,1.3698,1,0.99539,0.995,0.60043,1.50771,1.16325,1.64451,0.00125341,0.00125341,0.00125341
114,1298.42,1.23806,1.03451,1.36122,1,0.99539,0.995,0.60043,1.50771,1.16325,1.64451,0.00124674,0.00124674,0.00124674
115,1310.96,1.25805,1.07709,1.39567,0.93247,1,0.995,0.5726,1.52134,1.12374,1.62396,0.00124008,0.00124008,0.00124008
116,1321.43,1.22029,0.98693,1.374,0.93247,1,0.995,0.5726,1.52134,1.12374,1.62396,0.00123341,0.00123341,0.00123341
117,1331.76,1.1996,1.03675,1.40576,1,0.95256,0.995,0.5747,1.50858,1.16628,1.63619,0.00122674,0.00122674,0.00122674
118,1342.1,1.18417,0.9216,1.3615,1,0.95256,0.995,0.5747,1.50858,1.16628,1.63619,0.00122008,0.00122008,0.00122008
119,1351.95,1.15851,1.01765,1.39003,1,0.96441,0.995,0.54238,1.5362,1.13346,1.68494,0.00121341,0.00121341,0.00121341
120,1361.76,1.1566,0.983,1.35552,1,0.96441,0.995,0.54238,1.5362,1.13346,1.68494,0.00120675,0.00120675,0.00120675
121,1373.6,1.19685,1.18005,1.42123,0.87148,0.97186,0.9775,0.54712,1.44744,1.16354,1.62992,0.00120008,0.00120008,0.00120008
122,1385.17,1.23455,1.01816,1.46241,0.87148,0.97186,0.9775,0.54712,1.44744,1.16354,1.62992,0.00119341,0.00119341,0.00119341
123,1395.16,1.12655,1.08019,1.31741,0.96592,0.85714,0.96389,0.60066,1.41628,1.199,1.59183,0.00118675,0.00118675,0.00118675
124,1404.91,1.09271,0.90625,1.32307,0.96592,0.85714,0.96389,0.60066,1.41628,1.199,1.59183,0.00118008,0.00118008,0.00118008
125,1414.73,1.14243,0.95476,1.32901,0.76249,1,0.96389,0.5972,1.4389,1.17602,1.59764,0.00117342,0.00117342,0.00117342
126,1424.35,1.09335,0.91326,1.32161,0.76249,1,0.96389,0.5972,1.4389,1.17602,1.59764,0.00116675,0.00116675,0.00116675
127,1435.37,1.21154,0.96826,1.35802,0.87166,0.97324,0.9775,0.58711,1.58899,1.0661,1.6986,0.00116008,0.00116008,0.00116008
